hgnc_symbol,variant_type,start,end,protein_change,whitelist,manual_review,notes
ASXL1,frameshift,358,1541,,0,1,
ASXL1,nonsense,358,1541,,0,1,
ASXL1,splice-site,358,1541,,0,1,
ASXL2,frameshift,380,1435,,0,1,
ASXL2,nonsense,380,1435,,0,1,
ASXL2,splice-site,380,1435,,0,1,
BCORL1,nonsense,,,,1,0,
BCORL1,splice-site,,,,1,0,
BRAF,missense,,,p.G464E,1,0,
BRAF,missense,,,p.G464V,1,0,
BRAF,missense,,,p.G466E,1,0,
BRAF,missense,,,p.G466V,1,0,
BRAF,missense,,,p.G469R,1,0,
BRAF,missense,,,p.G469E,1,0,
BRAF,missense,,,p.G469V,1,0,
BRAF,missense,,,p.V471F,1,0,
BRAF,missense,,,p.V472S,1,0,
BRAF,missense,,,p.L485W,1,0,
BRAF,missense,,,p.N581S,1,0,
BRAF,missense,,,p.I582M,1,0,
BRAF,missense,,,p.I592M,1,0,
BRAF,missense,,,p.I592V,1,0,
BRAF,missense,,,p.D594N,1,0,
BRAF,missense,,,p.D594G,1,0,
BRAF,missense,,,p.D594V,1,0,
BRAF,missense,,,p.D594E,1,0,
BRAF,missense,,,p.F595L,1,0,
BRAF,missense,,,p.F595S,1,0,
BRAF,missense,,,p.G596R,1,0,
BRAF,missense,,,p.L597V,1,0,
BRAF,missense,,,p.L597S,1,0,
BRAF,missense,,,p.L597Q,1,0,
BRAF,missense,,,p.L597R,1,0,
BRAF,missense,,,p.A598V,1,0,
BRAF,missense,,,p.T599I,1,0,
BRAF,missense,,,p.V600M,1,0,
BRAF,missense,,,p.V600L,1,0,
BRAF,missense,,,p.V600K,1,0,
BRAF,missense,,,p.V600R,1,0,
BRAF,missense,,,p.V600E,1,0,
BRAF,missense,,,p.V600A,1,0,
BRAF,missense,,,p.V600G,1,0,
BRAF,missense,,,p.V600D,1,0,
BRAF,missense,,,p.K601E,1,0,
BRAF,missense,,,p.K601N,1,0,
BRAF,missense,,,p.W604R,1,0,
BRAF,missense,,,p.W604G,1,0,
BRAF,missense,,,p.S605G,1,0,
BRAF,missense,,,p.S605F,1,0,
BRAF,missense,,,p.S605N,1,0,
BRAF,missense,,,p.G606E,1,0,
BRAF,missense,,,p.G606A,1,0,
BRAF,missense,,,p.G606V,1,0,
BRAF,missense,,,p.H608R,1,0,
BRAF,missense,,,p.H608L,1,0,
BRAF,missense,,,p.G615R,1,0,
BRAF,missense,,,p.S616P,1,0,
BRAF,missense,,,p.S616F,1,0,
BRAF,missense,,,p.L618S,1,0,
BRAF,missense,,,p.L618W,1,0,
BRAF,nonsense,,,p.R603*,1,0,
BRCC3,frameshift,,,,1,0,
BRCC3,nonsense,,,,1,0,
BRCC3,splice-site,,,,1,0,
CBL,missense,381,421,,0,1,RING finger missense p.381-421
CBLB,missense,372,412,,0,1,RING finger missense p.372-412
CEBPA,frameshift,,,,1,0,
CEBPA,nonsense,,,,1,0,
CEBPA,splice-site,,,,1,0,
CREBBP,frameshift,,,,1,0,
CREBBP,missense,,,p.D1435E,1,0,
CREBBP,missense,,,p.R1446L,1,0,
CREBBP,missense,,,p.R1446H,1,0,
CREBBP,missense,,,p.R1446C,1,0,
CREBBP,missense,,,p.Y1450C,1,0,
CREBBP,missense,,,p.P1476R,1,0,
CREBBP,missense,,,p.Y1482H,1,0,
CREBBP,missense,,,p.H1487Y,1,0,
CREBBP,missense,,,p.W1502C,1,0,
CREBBP,missense,,,p.Y1503D,1,0,
CREBBP,missense,,,p.Y1503H,1,0,
CREBBP,missense,,,p.Y1503F,1,0,
CREBBP,missense,,,p.S1680del,0,1,S1680del
CREBBP,nonsense,,,,1,0,
CREBBP,splice-site,,,,1,0,
CTCF,frameshift,,,,1,0,
CTCF,missense,,,p.R377C,1,0,
CTCF,missense,,,p.P378A,1,0,
CTCF,missense,,,p.P378L,1,0,
CTCF,nonsense,,,,1,0,
CUX1,frameshift,,,,1,0,
CUX1,nonsense,,,,1,0,
DNMT3A,frameshift,,,,1,0,
DNMT3A,missense,,,p.F290I,1,0,
DNMT3A,missense,,,p.F290C,1,0,
DNMT3A,missense,,,p.F290S,1,0,
DNMT3A,missense,,,p.G293R,1,0,
DNMT3A,missense,,,p.L295P,1,0,
DNMT3A,missense,,,p.L295Q,1,0,
DNMT3A,missense,,,p.L295V,1,0,
DNMT3A,missense,,,p.V296M,1,0,
DNMT3A,missense,,,p.V296G,1,0,
DNMT3A,missense,,,p.V296L,1,0,
DNMT3A,missense,,,p.W297C,1,0,
DNMT3A,missense,,,p.W297L,1,0,
DNMT3A,missense,,,p.W297R,1,0,
DNMT3A,missense,,,p.W297G,1,0,
DNMT3A,missense,,,p.G298W,1,0,
DNMT3A,missense,,,p.G298R,1,0,
DNMT3A,missense,,,p.G298E,1,0,
DNMT3A,missense,,,p.W306C,1,0,
DNMT3A,missense,,,p.P307S,1,0,
DNMT3A,missense,,,p.P307R,1,0,
DNMT3A,missense,,,p.P307L,1,0,
DNMT3A,missense,,,p.P307T,1,0,
DNMT3A,missense,,,p.G308D,1,0,
DNMT3A,missense,,,p.I310F,1,0,
DNMT3A,missense,,,p.I310L,1,0,
DNMT3A,missense,,,p.I310S,1,0,
DNMT3A,missense,,,p.I310T,1,0,
DNMT3A,missense,,,p.S312F,1,0,
DNMT3A,missense,,,p.R326G,1,0,
DNMT3A,missense,,,p.R326H,1,0,
DNMT3A,missense,,,p.R326L,1,0,
DNMT3A,missense,,,p.R326C,1,0,
DNMT3A,missense,,,p.R326S,1,0,
DNMT3A,missense,,,p.V328A,1,0,
DNMT3A,missense,,,p.V328D,1,0,
DNMT3A,missense,,,p.V328G,1,0,
DNMT3A,missense,,,p.F331V,1,0,
DNMT3A,missense,,,p.G332R,1,0,
DNMT3A,missense,,,p.G332E,1,0,
DNMT3A,missense,,,p.S337A,1,0,
DNMT3A,missense,,,p.S337L,1,0,
DNMT3A,missense,,,p.S337P,1,0,
DNMT3A,missense,,,p.V339A,1,0,
DNMT3A,missense,,,p.V339M,1,0,
DNMT3A,missense,,,p.V339G,1,0,
DNMT3A,missense,,,p.L344Q,1,0,
DNMT3A,missense,,,p.L344P,1,0,
DNMT3A,missense,,,p.L344R,1,0,
DNMT3A,missense,,,p.L347P,1,0,
DNMT3A,missense,,,p.L347R,1,0,
DNMT3A,missense,,,p.L347Q,1,0,
DNMT3A,missense,,,p.S352N,1,0,
DNMT3A,missense,,,p.Y365C,1,0,
DNMT3A,missense,,,p.R366C,1,0,
DNMT3A,missense,,,p.R366P,1,0,
DNMT3A,missense,,,p.R366H,1,0,
DNMT3A,missense,,,p.R366G,1,0,
DNMT3A,missense,,,p.A368D,1,0,
DNMT3A,missense,,,p.A368T,1,0,
DNMT3A,missense,,,p.A368V,1,0,
DNMT3A,missense,,,p.I369N,1,0,
DNMT3A,missense,,,p.I369S,1,0,
DNMT3A,missense,,,p.V372D,1,0,
DNMT3A,missense,,,p.L373Q,1,0,
DNMT3A,missense,,,p.A376P,1,0,
DNMT3A,missense,,,p.A376T,1,0,
DNMT3A,missense,,,p.A376V,1,0,
DNMT3A,missense,,,p.R379H,1,0,
DNMT3A,missense,,,p.R379L,1,0,
DNMT3A,missense,,,p.R379C,1,0,
DNMT3A,missense,,,p.R379S,1,0,
DNMT3A,missense,,,p.D389N,1,0,
DNMT3A,missense,,,p.I407T,1,0,
DNMT3A,missense,,,p.I407N,1,0,
DNMT3A,missense,,,p.I407S,1,0,
DNMT3A,missense,,,p.W409R,1,0,
DNMT3A,missense,,,p.A410D,1,0,
DNMT3A,missense,,,p.A410T,1,0,
DNMT3A,missense,,,p.G413V,1,0,
DNMT3A,missense,,,p.F414L,1,0,
DNMT3A,missense,,,p.F414I,1,0,
DNMT3A,missense,,,p.F414S,1,0,
DNMT3A,missense,,,p.F414V,1,0,
DNMT3A,missense,,,p.F414C,1,0,
DNMT3A,missense,,,p.K468R,1,0,
DNMT3A,missense,,,p.E477Q,1,0,
DNMT3A,missense,,,p.E477K,1,0,
DNMT3A,missense,,,p.V483G,1,0,
DNMT3A,missense,,,p.R484Q,1,0,
DNMT3A,missense,,,p.R484W,1,0,
DNMT3A,missense,,,p.C494Y,1,0,
DNMT3A,missense,,,p.C497G,1,0,
DNMT3A,missense,,,p.C497R,1,0,
DNMT3A,missense,,,p.C497Y,1,0,
DNMT3A,missense,,,p.G498E,1,0,
DNMT3A,missense,,,p.H506R,1,0,
DNMT3A,missense,,,p.G511E,1,0,
DNMT3A,missense,,,p.C514Y,1,0,
DNMT3A,missense,,,p.Q527P,1,0,
DNMT3A,missense,,,p.Q527H,1,0,
DNMT3A,missense,,,p.D529N,1,0,
DNMT3A,missense,,,p.D529V,1,0,
DNMT3A,missense,,,p.D531N,1,0,
DNMT3A,missense,,,p.D531Y,1,0,
DNMT3A,missense,,,p.S535F,1,0,
DNMT3A,missense,,,p.S535P,1,0,
DNMT3A,missense,,,p.C537G,1,0,
DNMT3A,missense,,,p.C537R,1,0,
DNMT3A,missense,,,p.C537Y,1,0,
DNMT3A,missense,,,p.C540Y,1,0,
DNMT3A,missense,,,p.G542V,1,0,
DNMT3A,missense,,,p.G543A,1,0,
DNMT3A,missense,,,p.G543S,1,0,
DNMT3A,missense,,,p.G543C,1,0,
DNMT3A,missense,,,p.G543D,1,0,
DNMT3A,missense,,,p.G543V,1,0,
DNMT3A,missense,,,p.L547H,1,0,
DNMT3A,missense,,,p.L547P,1,0,
DNMT3A,missense,,,p.L547F,1,0,
DNMT3A,missense,,,p.L547R,1,0,
DNMT3A,missense,,,p.M548I,1,0,
DNMT3A,missense,,,p.M548L,1,0,
DNMT3A,missense,,,p.M548K,1,0,
DNMT3A,missense,,,p.M548R,1,0,
DNMT3A,missense,,,p.M548T,1,0,
DNMT3A,missense,,,p.G550R,1,0,
DNMT3A,missense,,,p.C554Y,1,0,
DNMT3A,missense,,,p.R556K,1,0,
DNMT3A,missense,,,p.R556S,1,0,
DNMT3A,missense,,,p.R556G,1,0,
DNMT3A,missense,,,p.C559R,1,0,
DNMT3A,missense,,,p.C559Y,1,0,
DNMT3A,missense,,,p.C562Y,1,0,
DNMT3A,missense,,,p.V563M,1,0,
DNMT3A,missense,,,p.P580L,1,0,
DNMT3A,missense,,,p.W581R,1,0,
DNMT3A,missense,,,p.W581G,1,0,
DNMT3A,missense,,,p.W581C,1,0,
DNMT3A,missense,,,p.W581S,1,0,
DNMT3A,missense,,,p.C583S,1,0,
DNMT3A,missense,,,p.C583Y,1,0,
DNMT3A,missense,,,p.C586G,1,0,
DNMT3A,missense,,,p.C586R,1,0,
DNMT3A,missense,,,p.C586Y,1,0,
DNMT3A,missense,,,p.K589N,1,0,
DNMT3A,missense,,,p.L595P,1,0,
DNMT3A,missense,,,p.R596W,1,0,
DNMT3A,missense,,,p.R598Q,1,0,
DNMT3A,missense,,,p.R604Q,1,0,
DNMT3A,missense,,,p.R604W,1,0,
DNMT3A,missense,,,p.P633H,1,0,
DNMT3A,missense,,,p.P633L,1,0,
DNMT3A,missense,,,p.I634F,1,0,
DNMT3A,missense,,,p.I634T,1,0,
DNMT3A,missense,,,p.R635G,1,0,
DNMT3A,missense,,,p.R635L,1,0,
DNMT3A,missense,,,p.R635P,1,0,
DNMT3A,missense,,,p.R635W,1,0,
DNMT3A,missense,,,p.R635Q,1,0,
DNMT3A,missense,,,p.V636A,1,0,
DNMT3A,missense,,,p.V636G,1,0,
DNMT3A,missense,,,p.V636M,1,0,
DNMT3A,missense,,,p.V636L,1,0,
DNMT3A,missense,,,p.L637R,1,0,
DNMT3A,missense,,,p.L637P,1,0,
DNMT3A,missense,,,p.L637Q,1,0,
DNMT3A,missense,,,p.S638F,1,0,
DNMT3A,missense,,,p.S638P,1,0,
DNMT3A,missense,,,p.S638Y,1,0,
DNMT3A,missense,,,p.L639R,1,0,
DNMT3A,missense,,,p.L639V,1,0,
DNMT3A,missense,,,p.L639F,1,0,
DNMT3A,missense,,,p.A644T,1,0,
DNMT3A,missense,,,p.T645A,1,0,
DNMT3A,missense,,,p.G646V,1,0,
DNMT3A,missense,,,p.G646E,1,0,
DNMT3A,missense,,,p.L647H,1,0,
DNMT3A,missense,,,p.L648P,1,0,
DNMT3A,missense,,,p.V649G,1,0,
DNMT3A,missense,,,p.V649L,1,0,
DNMT3A,missense,,,p.V649M,1,0,
DNMT3A,missense,,,p.L650V,1,0,
DNMT3A,missense,,,p.I655T,1,0,
DNMT3A,missense,,,p.Q656K,1,0,
DNMT3A,missense,,,p.V657A,1,0,
DNMT3A,missense,,,p.V657M,1,0,
DNMT3A,missense,,,p.V657G,1,0,
DNMT3A,missense,,,p.D658V,1,0,
DNMT3A,missense,,,p.D658Y,1,0,
DNMT3A,missense,,,p.R659C,1,0,
DNMT3A,missense,,,p.R659G,1,0,
DNMT3A,missense,,,p.R659H,1,0,
DNMT3A,missense,,,p.Y660C,1,0,
DNMT3A,missense,,,p.Y660N,1,0,
DNMT3A,missense,,,p.Y660F,1,0,
DNMT3A,missense,,,p.Y660H,1,0,
DNMT3A,missense,,,p.Y660D,1,0,
DNMT3A,missense,,,p.A662D,1,0,
DNMT3A,missense,,,p.S663L,1,0,
DNMT3A,missense,,,p.S663W,1,0,
DNMT3A,missense,,,p.E664K,1,0,
DNMT3A,missense,,,p.V665G,1,0,
DNMT3A,missense,,,p.V665L,1,0,
DNMT3A,missense,,,p.S669F,1,0,
DNMT3A,missense,,,p.S669P,1,0,
DNMT3A,missense,,,p.M674V,1,0,
DNMT3A,missense,,,p.V675A,1,0,
DNMT3A,missense,,,p.V675M,1,0,
DNMT3A,missense,,,p.R676L,1,0,
DNMT3A,missense,,,p.R676W,1,0,
DNMT3A,missense,,,p.R676Q,1,0,
DNMT3A,missense,,,p.I681N,1,0,
DNMT3A,missense,,,p.I681S,1,0,
DNMT3A,missense,,,p.I681M,1,0,
DNMT3A,missense,,,p.M682R,1,0,
DNMT3A,missense,,,p.Y683D,1,0,
DNMT3A,missense,,,p.V684F,1,0,
DNMT3A,missense,,,p.G685R,1,0,
DNMT3A,missense,,,p.G685E,1,0,
DNMT3A,missense,,,p.G685A,1,0,
DNMT3A,missense,,,p.D686Y,1,0,
DNMT3A,missense,,,p.D686G,1,0,
DNMT3A,missense,,,p.D686H,1,0,
DNMT3A,missense,,,p.D686V,1,0,
DNMT3A,missense,,,p.D686A,1,0,
DNMT3A,missense,,,p.V687L,1,0,
DNMT3A,missense,,,p.V687F,1,0,
DNMT3A,missense,,,p.R688C,1,0,
DNMT3A,missense,,,p.R688G,1,0,
DNMT3A,missense,,,p.R688H,1,0,
DNMT3A,missense,,,p.V690G,1,0,
DNMT3A,missense,,,p.V690F,1,0,
DNMT3A,missense,,,p.V690D,1,0,
DNMT3A,missense,,,p.T691I,1,0,
DNMT3A,missense,,,p.H694Y,1,0,
DNMT3A,missense,,,p.H694P,1,0,
DNMT3A,missense,,,p.I695N,1,0,
DNMT3A,missense,,,p.I695F,1,0,
DNMT3A,missense,,,p.I695T,1,0,
DNMT3A,missense,,,p.Q696P,1,0,
DNMT3A,missense,,,p.W698C,1,0,
DNMT3A,missense,,,p.W698R,1,0,
DNMT3A,missense,,,p.W698S,1,0,
DNMT3A,missense,,,p.G699R,1,0,
DNMT3A,missense,,,p.G699S,1,0,
DNMT3A,missense,,,p.G699D,1,0,
DNMT3A,missense,,,p.G699V,1,0,
DNMT3A,missense,,,p.P700L,1,0,
DNMT3A,missense,,,p.P700S,1,0,
DNMT3A,missense,,,p.P700R,1,0,
DNMT3A,missense,,,p.P700Q,1,0,
DNMT3A,missense,,,p.P700T,1,0,
DNMT3A,missense,,,p.P700A,1,0,
DNMT3A,missense,,,p.F701V,1,0,
DNMT3A,missense,,,p.D702A,1,0,
DNMT3A,missense,,,p.D702G,1,0,
DNMT3A,missense,,,p.D702E,1,0,
DNMT3A,missense,,,p.D702V,1,0,
DNMT3A,missense,,,p.D702N,1,0,
DNMT3A,missense,,,p.D702Y,1,0,
DNMT3A,missense,,,p.L703P,1,0,
DNMT3A,missense,,,p.L703R,1,0,
DNMT3A,missense,,,p.L703V,1,0,
DNMT3A,missense,,,p.V704A,1,0,
DNMT3A,missense,,,p.V704M,1,0,
DNMT3A,missense,,,p.V704G,1,0,
DNMT3A,missense,,,p.I705F,1,0,
DNMT3A,missense,,,p.I705T,1,0,
DNMT3A,missense,,,p.I705S,1,0,
DNMT3A,missense,,,p.I705N,1,0,
DNMT3A,missense,,,p.G706E,1,0,
DNMT3A,missense,,,p.G706W,1,0,
DNMT3A,missense,,,p.G706R,1,0,
DNMT3A,missense,,,p.G706V,1,0,
DNMT3A,missense,,,p.G707C,1,0,
DNMT3A,missense,,,p.G707D,1,0,
DNMT3A,missense,,,p.G707S,1,0,
DNMT3A,missense,,,p.G707R,1,0,
DNMT3A,missense,,,p.G707V,1,0,
DNMT3A,missense,,,p.C710S,1,0,
DNMT3A,missense,,,p.C710Y,1,0,
DNMT3A,missense,,,p.D712A,1,0,
DNMT3A,missense,,,p.L713F,1,0,
DNMT3A,missense,,,p.S714C,1,0,
DNMT3A,missense,,,p.V716D,1,0,
DNMT3A,missense,,,p.V716F,1,0,
DNMT3A,missense,,,p.V716I,1,0,
DNMT3A,missense,,,p.N717S,1,0,
DNMT3A,missense,,,p.N717I,1,0,
DNMT3A,missense,,,p.P718L,1,0,
DNMT3A,missense,,,p.R720C,1,0,
DNMT3A,missense,,,p.R720H,1,0,
DNMT3A,missense,,,p.R720G,1,0,
DNMT3A,missense,,,p.R720S,1,0,
DNMT3A,missense,,,p.K721R,1,0,
DNMT3A,missense,,,p.K721T,1,0,
DNMT3A,missense,,,p.K721N,1,0,
DNMT3A,missense,,,p.Y724C,1,0,
DNMT3A,missense,,,p.E725K,1,0,
DNMT3A,missense,,,p.G726V,1,0,
DNMT3A,missense,,,p.G728D,1,0,
DNMT3A,missense,,,p.R729Q,1,0,
DNMT3A,missense,,,p.R729W,1,0,
DNMT3A,missense,,,p.R729G,1,0,
DNMT3A,missense,,,p.R729L,1,0,
DNMT3A,missense,,,p.F731C,1,0,
DNMT3A,missense,,,p.F731L,1,0,
DNMT3A,missense,,,p.F731Y,1,0,
DNMT3A,missense,,,p.F731I,1,0,
DNMT3A,missense,,,p.F731V,1,0,
DNMT3A,missense,,,p.F732del,1,0,
DNMT3A,missense,,,p.F732C,1,0,
DNMT3A,missense,,,p.F732I,1,0,
DNMT3A,missense,,,p.F732L,1,0,
DNMT3A,missense,,,p.F732V,1,0,
DNMT3A,missense,,,p.E733G,1,0,
DNMT3A,missense,,,p.E733A,1,0,
DNMT3A,missense,,,p.E733V,1,0,
DNMT3A,missense,,,p.F734L,1,0,
DNMT3A,missense,,,p.F734C,1,0,
DNMT3A,missense,,,p.F734V,1,0,
DNMT3A,missense,,,p.Y735C,1,0,
DNMT3A,missense,,,p.Y735N,1,0,
DNMT3A,missense,,,p.Y735S,1,0,
DNMT3A,missense,,,p.Y735F,1,0,
DNMT3A,missense,,,p.Y735H,1,0,
DNMT3A,missense,,,p.R736G,1,0,
DNMT3A,missense,,,p.R736H,1,0,
DNMT3A,missense,,,p.R736C,1,0,
DNMT3A,missense,,,p.R736L,1,0,
DNMT3A,missense,,,p.R736P,1,0,
DNMT3A,missense,,,p.R736S,1,0,
DNMT3A,missense,,,p.L737H,1,0,
DNMT3A,missense,,,p.L737P,1,0,
DNMT3A,missense,,,p.L737V,1,0,
DNMT3A,missense,,,p.L737F,1,0,
DNMT3A,missense,,,p.L737R,1,0,
DNMT3A,missense,,,p.L737P,1,0,
DNMT3A,missense,,,p.L738P,1,0,
DNMT3A,missense,,,p.L738Q,1,0,
DNMT3A,missense,,,p.H739P,1,0,
DNMT3A,missense,,,p.A741G,1,0,
DNMT3A,missense,,,p.A741V,1,0,
DNMT3A,missense,,,p.R742L,1,0,
DNMT3A,missense,,,p.R742G,1,0,
DNMT3A,missense,,,p.R742P,1,0,
DNMT3A,missense,,,p.P743H,1,0,
DNMT3A,missense,,,p.P743R,1,0,
DNMT3A,missense,,,p.P743L,1,0,
DNMT3A,missense,,,p.P743S,1,0,
DNMT3A,missense,,,p.R749C,1,0,
DNMT3A,missense,,,p.R749L,1,0,
DNMT3A,missense,,,p.R749H,1,0,
DNMT3A,missense,,,p.R749G,1,0,
DNMT3A,missense,,,p.P750R,1,0,
DNMT3A,missense,,,p.F751L,1,0,
DNMT3A,missense,,,p.F751C,1,0,
DNMT3A,missense,,,p.F751I,1,0,
DNMT3A,missense,,,p.F751V,1,0,
DNMT3A,missense,,,p.F752del,1,0,
DNMT3A,missense,,,p.F752C,1,0,
DNMT3A,missense,,,p.F752L,1,0,
DNMT3A,missense,,,p.F752I,1,0,
DNMT3A,missense,,,p.W753G,1,0,
DNMT3A,missense,,,p.W753C,1,0,
DNMT3A,missense,,,p.W753L,1,0,
DNMT3A,missense,,,p.W753R,1,0,
DNMT3A,missense,,,p.W753S,1,0,
DNMT3A,missense,,,p.L754P,1,0,
DNMT3A,missense,,,p.L754R,1,0,
DNMT3A,missense,,,p.L754H,1,0,
DNMT3A,missense,,,p.F755S,1,0,
DNMT3A,missense,,,p.F755I,1,0,
DNMT3A,missense,,,p.F755L,1,0,
DNMT3A,missense,,,p.M761I,1,0,
DNMT3A,missense,,,p.M761V,1,0,
DNMT3A,missense,,,p.G762C,1,0,
DNMT3A,missense,,,p.V763G,1,0,
DNMT3A,missense,,,p.V763I,1,0,
DNMT3A,missense,,,p.K766E,1,0,
DNMT3A,missense,,,p.D768E,1,0,
DNMT3A,missense,,,p.D768H,1,0,
DNMT3A,missense,,,p.D768V,1,0,
DNMT3A,missense,,,p.D768Y,1,0,
DNMT3A,missense,,,p.I769N,1,0,
DNMT3A,missense,,,p.I769S,1,0,
DNMT3A,missense,,,p.I769T,1,0,
DNMT3A,missense,,,p.I769V,1,0,
DNMT3A,missense,,,p.S770L,1,0,
DNMT3A,missense,,,p.S770W,1,0,
DNMT3A,missense,,,p.S770P,1,0,
DNMT3A,missense,,,p.R771G,1,0,
DNMT3A,missense,,,p.R771L,1,0,
DNMT3A,missense,,,p.R771P,1,0,
DNMT3A,missense,,,p.R771Q,1,0,
DNMT3A,missense,,,p.F772C,1,0,
DNMT3A,missense,,,p.F772I,1,0,
DNMT3A,missense,,,p.F772V,1,0,
DNMT3A,missense,,,p.L773H,1,0,
DNMT3A,missense,,,p.L773I,1,0,
DNMT3A,missense,,,p.L773R,1,0,
DNMT3A,missense,,,p.L773V,1,0,
DNMT3A,missense,,,p.E774A,1,0,
DNMT3A,missense,,,p.E774K,1,0,
DNMT3A,missense,,,p.E774D,1,0,
DNMT3A,missense,,,p.E774G,1,0,
DNMT3A,missense,,,p.E774V,1,0,
DNMT3A,missense,,,p.S775F,1,0,
DNMT3A,missense,,,p.S775P,1,0,
DNMT3A,missense,,,p.P777A,1,0,
DNMT3A,missense,,,p.P777H,1,0,
DNMT3A,missense,,,p.P777L,1,0,
DNMT3A,missense,,,p.P777R,1,0,
DNMT3A,missense,,,p.P777T,1,0,
DNMT3A,missense,,,p.P777S,1,0,
DNMT3A,missense,,,p.V778M,1,0,
DNMT3A,missense,,,p.I780N,1,0,
DNMT3A,missense,,,p.I780S,1,0,
DNMT3A,missense,,,p.I780T,1,0,
DNMT3A,missense,,,p.D781G,1,0,
DNMT3A,missense,,,p.V785M,1,0,
DNMT3A,missense,,,p.A787G,1,0,
DNMT3A,missense,,,p.A787S,1,0,
DNMT3A,missense,,,p.H789Q,1,0,
DNMT3A,missense,,,p.R790W,1,0,
DNMT3A,missense,,,p.A791V,1,0,
DNMT3A,missense,,,p.R792C,1,0,
DNMT3A,missense,,,p.R792H,1,0,
DNMT3A,missense,,,p.R792S,1,0,
DNMT3A,missense,,,p.F794L,1,0,
DNMT3A,missense,,,p.F794V,1,0,
DNMT3A,missense,,,p.W795S,1,0,
DNMT3A,missense,,,p.W795G,1,0,
DNMT3A,missense,,,p.W795C,1,0,
DNMT3A,missense,,,p.W795L,1,0,
DNMT3A,missense,,,p.W795R,1,0,
DNMT3A,missense,,,p.G796A,1,0,
DNMT3A,missense,,,p.G796C,1,0,
DNMT3A,missense,,,p.G796D,1,0,
DNMT3A,missense,,,p.G796V,1,0,
DNMT3A,missense,,,p.N797D,1,0,
DNMT3A,missense,,,p.N797Y,1,0,
DNMT3A,missense,,,p.N797H,1,0,
DNMT3A,missense,,,p.N797K,1,0,
DNMT3A,missense,,,p.N797S,1,0,
DNMT3A,missense,,,p.L798P,1,0,
DNMT3A,missense,,,p.L798H,1,0,
DNMT3A,missense,,,p.P799L,1,0,
DNMT3A,missense,,,p.P799A,1,0,
DNMT3A,missense,,,p.P799T,1,0,
DNMT3A,missense,,,p.P799S,1,0,
DNMT3A,missense,,,p.P799R,1,0,
DNMT3A,missense,,,p.P799H,1,0,
DNMT3A,missense,,,p.G800S,1,0,
DNMT3A,missense,,,p.M801I,1,0,
DNMT3A,missense,,,p.M801R,1,0,
DNMT3A,missense,,,p.M801T,1,0,
DNMT3A,missense,,,p.M801V,1,0,
DNMT3A,missense,,,p.R803S,1,0,
DNMT3A,missense,,,p.R803G,1,0,
DNMT3A,missense,,,p.R803K,1,0,
DNMT3A,missense,,,p.R803T,1,0,
DNMT3A,missense,,,p.R803W,1,0,
DNMT3A,missense,,,p.R803M,1,0,
DNMT3A,missense,,,p.P804L,1,0,
DNMT3A,missense,,,p.P804S,1,0,
DNMT3A,missense,,,p.L815Q,1,0,
DNMT3A,missense,,,p.H821D,1,0,
DNMT3A,missense,,,p.H821P,1,0,
DNMT3A,missense,,,p.H821R,1,0,
DNMT3A,missense,,,p.K826N,1,0,
DNMT3A,missense,,,p.K826T,1,0,
DNMT3A,missense,,,p.K826R,1,0,
DNMT3A,missense,,,p.S828N,1,0,
DNMT3A,missense,,,p.K829R,1,0,
DNMT3A,missense,,,p.T835M,1,0,
DNMT3A,missense,,,p.N838D,1,0,
DNMT3A,missense,,,p.S839P,1,0,
DNMT3A,missense,,,p.K841N,1,0,
DNMT3A,missense,,,p.K841T,1,0,
DNMT3A,missense,,,p.K841Q,1,0,
DNMT3A,missense,,,p.Q842E,1,0,
DNMT3A,missense,,,p.Q842R,1,0,
DNMT3A,missense,,,p.G843S,1,0,
DNMT3A,missense,,,p.P849L,1,0,
DNMT3A,missense,,,p.M852L,1,0,
DNMT3A,missense,,,p.M852V,1,0,
DNMT3A,missense,,,p.M853R,1,0,
DNMT3A,missense,,,p.D857N,1,0,
DNMT3A,missense,,,p.W860R,1,0,
DNMT3A,missense,,,p.E863D,1,0,
DNMT3A,missense,,,p.E863G,1,0,
DNMT3A,missense,,,p.E863K,1,0,
DNMT3A,missense,,,p.E863V,1,0,
DNMT3A,missense,,,p.F868S,1,0,
DNMT3A,missense,,,p.F868L,1,0,
DNMT3A,missense,,,p.G869S,1,0,
DNMT3A,missense,,,p.G869V,1,0,
DNMT3A,missense,,,p.F870V,1,0,
DNMT3A,missense,,,p.H873R,1,0,
DNMT3A,missense,,,p.Y874C,1,0,
DNMT3A,missense,,,p.R879D,1,0,
DNMT3A,missense,,,p.M880I,1,0,
DNMT3A,missense,,,p.M880L,1,0,
DNMT3A,missense,,,p.M880V,1,0,
DNMT3A,missense,,,p.S881R,1,0,
DNMT3A,missense,,,p.S881I,1,0,
DNMT3A,missense,,,p.R882H,1,0,
DNMT3A,missense,,,p.R882P,1,0,
DNMT3A,missense,,,p.R882L,1,0,
DNMT3A,missense,,,p.R882C,1,0,
DNMT3A,missense,,,p.R882G,1,0,
DNMT3A,missense,,,p.R882S,1,0,
DNMT3A,missense,,,p.A884P,1,0,
DNMT3A,missense,,,p.A884V,1,0,
DNMT3A,missense,,,p.R885K,1,0,
DNMT3A,missense,,,p.Q886E,1,0,
DNMT3A,missense,,,p.Q886R,1,0,
DNMT3A,missense,,,p.L889P,1,0,
DNMT3A,missense,,,p.L889R,1,0,
DNMT3A,missense,,,p.G890D,1,0,
DNMT3A,missense,,,p.G890R,1,0,
DNMT3A,missense,,,p.G890S,1,0,
DNMT3A,missense,,,p.G890V,1,0,
DNMT3A,missense,,,p.W893S,1,0,
DNMT3A,missense,,,p.V895M,1,0,
DNMT3A,missense,,,p.P896L,1,0,
DNMT3A,missense,,,p.V897G,1,0,
DNMT3A,missense,,,p.V897D,1,0,
DNMT3A,missense,,,p.P898S,1,0,
DNMT3A,missense,,,p.I898T,1,0,
DNMT3A,missense,,,p.R899P,1,0,
DNMT3A,missense,,,p.R899L,1,0,
DNMT3A,missense,,,p.R899G,1,0,
DNMT3A,missense,,,p.R899H,1,0,
DNMT3A,missense,,,p.R899C,1,0,
DNMT3A,missense,,,p.R899S,1,0,
DNMT3A,missense,,,p.L901P,1,0,
DNMT3A,missense,,,p.L901R,1,0,
DNMT3A,missense,,,p.L901H,1,0,
DNMT3A,missense,,,p.L901V,1,0,
DNMT3A,missense,,,p.A903P,1,0,
DNMT3A,missense,,,p.A903T,1,0,
DNMT3A,missense,,,p.P904L,1,0,
DNMT3A,missense,,,p.P904Q,1,0,
DNMT3A,missense,,,p.P904A,1,0,
DNMT3A,missense,,,p.P904R,1,0,
DNMT3A,missense,,,p.P904S,1,0,
DNMT3A,missense,,,p.L905R,1,0,
DNMT3A,missense,,,p.L905P,1,0,
DNMT3A,missense,,,p.L905Q,1,0,
DNMT3A,missense,,,p.L905V,1,0,
DNMT3A,missense,,,p.K906E,1,0,
DNMT3A,missense,,,p.E907G,1,0,
DNMT3A,missense,,,p.Y908C,1,0,
DNMT3A,missense,,,p.Y908D,1,0,
DNMT3A,missense,,,p.Y908N,1,0,
DNMT3A,missense,,,p.F909C,1,0,
DNMT3A,missense,,,p.A910P,1,0,
DNMT3A,missense,,,p.A910V,1,0,
DNMT3A,missense,,,p.C911R,1,0,
DNMT3A,missense,,,p.C911Y,1,0,
DNMT3A,nonsense,,,,1,0,
DNMT3A,splice-site,,,,1,0,
EED,frameshift,,,,1,0,
EED,missense,,,p.L240Q,1,0,
EED,missense,,,p.I363M,1,0,
EED,nonsense,,,,1,0,
EP300,frameshift,,,,1,0,
EP300,missense,,,p.VF1148_1149del,0,1,VF1148_1149del
EP300,missense,,,p.D1399N,1,0,
EP300,missense,,,p.D1399Y,1,0,
EP300,missense,,,p.P1452L,1,0,
EP300,missense,,,p.Y1467N,1,0,
EP300,missense,,,p.Y1467H,1,0,
EP300,missense,,,p.Y1467C,1,0,
EP300,missense,,,p.R1627W,1,0,
EP300,missense,,,p.A1629V,1,0,
EP300,nonsense,,,,1,0,
ETNK1,missense,,,p.N244S,1,0,
ETNK1,missense,,,p.N244T,1,0,
ETNK1,missense,,,p.N244K,1,0,
ETV6,frameshift,,,,1,0,
ETV6,nonsense,,,,1,0,
EZH2,frameshift,,,,1,0,
EZH2,missense,,,p.Q62R,1,0,
EZH2,missense,,,p.N102S,1,0,
EZH2,missense,,,p.F145S,1,0,
EZH2,missense,,,p.F145C,1,0,
EZH2,missense,,,p.F145Y,1,0,
EZH2,missense,,,p.F145L,1,0,
EZH2,missense,,,p.K238E,1,0,
EZH2,missense,,,p.E244K,1,0,
EZH2,missense,,,p.R283Q,1,0,
EZH2,missense,,,p.H292R,1,0,
EZH2,missense,,,p.P488S,1,0,
EZH2,missense,,,p.R497Q,1,0,
EZH2,missense,,,p.R561H,1,0,
EZH2,missense,,,p.T568I,1,0,
EZH2,missense,,,p.K629E,1,0,
EZH2,missense,,,p.Y641N,1,0,
EZH2,missense,,,p.Y641H,1,0,
EZH2,missense,,,p.Y641S,1,0,
EZH2,missense,,,p.Y641C,1,0,
EZH2,missense,,,p.Y641F,1,0,
EZH2,missense,,,p.D659Y,1,0,
EZH2,missense,,,p.D659G,1,0,
EZH2,missense,,,p.V674M,1,0,
EZH2,missense,,,p.A677G,1,0,
EZH2,missense,,,p.A677V,1,0,
EZH2,missense,,,p.R679C,1,0,
EZH2,missense,,,p.R679H,1,0,
EZH2,missense,,,p.R685C,1,0,
EZH2,missense,,,p.R685H,1,0,
EZH2,missense,,,p.A687V,1,0,
EZH2,missense,,,p.N688I,1,0,
EZH2,missense,,,p.N688K,1,0,
EZH2,missense,,,p.H689Y,1,0,
EZH2,missense,,,p.S690P,1,0,
EZH2,missense,,,p.I708V,1,0,
EZH2,missense,,,p.I708T,1,0,
EZH2,missense,,,p.I708M,1,0,
EZH2,missense,,,p.E720K,1,0,
EZH2,missense,,,p.E740K,1,0,
EZH2,nonsense,,,,1,0,
FLT3,missense,,,p.V579A,1,0,
FLT3,missense,,,p.590_591FY>GD,0,1,FY590-591GD
FLT3,missense,,,p.V592I,1,0,
FLT3,missense,,,p.F594L,1,0,
FLT3,missense,,,p.D835del,0,1,del835
FLT3,missense,,,p.D835Y,1,0,
FLT3,missense,,,p.D835H,1,0,
FLT3,missense,,,p.D835E,1,0,
GATA1,frameshift,,,,1,0,
GATA1,nonsense,,,,1,0,
GATA2,frameshift,,,,1,0,
GATA2,missense,,,p.R293Q,1,0,
GATA2,missense,,,p.N317H,1,0,
GATA2,missense,,,p.A318T,1,0,
GATA2,missense,,,p.A318V,1,0,
GATA2,missense,,,p.A318G,1,0,
GATA2,missense,,,p.G320D,1,0,
GATA2,missense,,,p.L321P,1,0,
GATA2,missense,,,p.L321F,1,0,
GATA2,missense,,,p.L321V,1,0,
GATA2,missense,,,p.Q328P,1,0,
GATA2,missense,,,p.R330Q,1,0,
GATA2,missense,,,p.L359V,1,0,
GATA2,missense,,,p.R361L,1,0,
GATA2,missense,,,p.A372T,1,0,
GATA2,missense,,,p.R384G,1,0,
GATA2,missense,,,p.R384K,1,0,
GATA2,nonsense,,,,1,0,
GATA3,frameshift,317,341,,0,1,ZNF_domain
GATA3,missense,,,p.R276W,1,0,
GATA3,missense,,,p.R276Q,1,0,
GATA3,missense,,,p.N286T,1,0,
GATA3,missense,,,p.L348V,1,0,
GATA3,nonsense,317,341,,0,1,ZNF_domain
GATA3,splice-site,317,341,,0,1,ZNF_domain
GNA13,missense,,,p.I34T,1,0,
GNA13,missense,,,p.G57S,1,0,
GNA13,missense,,,p.S62F,1,0,
GNA13,missense,,,p.M68K,1,0,
GNA13,missense,,,p.Q134R,1,0,
GNA13,missense,,,p.Y145F,1,0,
GNA13,missense,,,p.L152F,1,0,
GNA13,missense,,,p.E167D,1,0,
GNA13,missense,,,p.Q169H,1,0,
GNA13,missense,,,p.R264H,1,0,
GNA13,missense,,,p.E273K,1,0,
GNA13,missense,,,p.V322G,1,0,
GNA13,missense,,,p.V362G,1,0,
GNA13,missense,,,p.L371F,1,0,
GNAS,missense,,,p.R201G,1,0,R201(844)G
GNAS,missense,,,p.R201S,1,0,R201(844)S
GNAS,missense,,,p.R201C,1,0,R201(844)C
GNAS,missense,,,p.R201H,1,0,R201(844)H
GNAS,missense,,,p.R201L,1,0,R201(844)L
GNAS,missense,,,p.Q227K,1,0,Q227(870)K
GNAS,missense,,,p.Q227R,1,0,Q227(870)R
GNAS,missense,,,p.Q227L,1,0,Q227(870)L
GNAS,missense,,,p.Q227H,1,0,Q227(870)H
GNAS,missense,,,p.R374C,1,0,R374(1017)C
GNB1,missense,,,p.K57N,1,0,
GNB1,missense,,,p.K57M,1,0,
GNB1,missense,,,p.K57E,1,0,
GNB1,missense,,,p.K57T,1,0,
GNB1,missense,,,p.I80T,1,0,
GNB1,missense,,,p.I80N,1,0,
IDH1,missense,,,p.R132C,1,0,
IDH1,missense,,,p.R132G,1,0,
IDH1,missense,,,p.R132H,1,0,
IDH1,missense,,,p.R132L,1,0,
IDH1,missense,,,p.R132P,1,0,
IDH1,missense,,,p.R132V,1,0,
IDH2,missense,,,p.R140W,1,0,
IDH2,missense,,,p.R140Q,1,0,
IDH2,missense,,,p.R140L,1,0,
IDH2,missense,,,p.R140G,1,0,
IDH2,missense,,,p.R172W,1,0,
IDH2,missense,,,p.R172G,1,0,
IDH2,missense,,,p.R172K,1,0,
IDH2,missense,,,p.R172T,1,0,
IDH2,missense,,,p.R172M,1,0,
IDH2,missense,,,p.R172N,1,0,
IDH2,missense,,,p.R172S,1,0,
IKZF1,frameshift,,,,1,0,
IKZF1,nonsense,,,,1,0,
IKZF2,frameshift,,,,1,0,
IKZF2,nonsense,,,,1,0,
IKZF3,frameshift,,,,1,0,
IKZF3,nonsense,,,,1,0,
JAK1,missense,,,p.T478A,1,0,
JAK1,missense,,,p.T478S,1,0,
JAK1,missense,,,p.V623A,1,0,
JAK1,missense,,,p.A634D,1,0,
JAK1,missense,,,p.L653F,1,0,
JAK1,missense,,,p.R724H,1,0,
JAK1,missense,,,p.R724Q,1,0,
JAK1,missense,,,p.R724P,1,0,
JAK1,missense,,,p.T782M,1,0,
JAK1,missense,,,p.L783F,1,0,
JAK2,missense,,,p.N533D,1,0,
JAK2,missense,,,p.N533Y,1,0,
JAK2,missense,,,p.N533S,1,0,
JAK2,missense,,,p.537_539FHK>L,0,1,del/ins537-539L
JAK2,missense,,,p.538_539HK>L,0,1,del/ins538-539L
JAK2,missense,,,p.540_543IRNE>MK,0,1,del/ins540-543MK
JAK2,missense,,,p.540_544IRNED>MK,0,1,del/ins540-544MK
JAK2,missense,,,p.541_543RNE>K,0,1,del/ins541-543K
JAK2,missense,,,p.NE542del,0,1,del542-543
JAK2,missense,,,p.ED543del,0,1,del543-544
JAK2,missense,,,p.546_547ins,0,1,ins11546-547
JAK2,missense,,,p.H538R,1,0,
JAK2,missense,,,p.K539E,1,0,
JAK2,missense,,,p.K539L,1,0,
JAK2,missense,,,p.I540T,1,0,
JAK2,missense,,,p.I540V,1,0,
JAK2,missense,,,p.V617F,1,0,
JAK2,missense,,,p.R683S,1,0,
JAK2,missense,,,p.R683G,1,0,
JAK3,missense,,,p.M511T,1,0,
JAK3,missense,,,p.M511I,1,0,
JAK3,missense,,,p.A572V,1,0,
JAK3,missense,,,p.A572T,1,0,
JAK3,missense,,,p.A573V,1,0,
JAK3,missense,,,p.R657Q,1,0,
JAK3,missense,,,p.V715I,1,0,
JAK3,missense,,,p.V715A,1,0,
KDM6A,frameshift,,,,1,0,
KDM6A,missense,,,p.I419del,0,1,del419
KDM6A,nonsense,,,,1,0,
KDM6A,splice-site,,,,1,0,
KIT,missense,,,p.503_504ins,0,1,insertion
KIT,missense,,,p.PMYEVQWKV551del,0,1,del551-559
KIT,missense,,,p.V560del,0,1,del560
KIT,missense,,,p.V559A,1,0,
KIT,missense,,,p.V559D,1,0,
KIT,missense,,,p.V559G,1,0,
KIT,missense,,,p.V559I,1,0,
KIT,missense,,,p.V560D,1,0,
KIT,missense,,,p.V560A,1,0,
KIT,missense,,,p.V560G,1,0,
KIT,missense,,,p.V560E,1,0,
KIT,missense,,,p.E561K,1,0,
KIT,missense,,,p.D579del,0,1,del579
KIT,missense,,,p.P627L,1,0,
KIT,missense,,,p.P627T,1,0,
KIT,missense,,,p.R634W,1,0,
KIT,missense,,,p.K642E,1,0,
KIT,missense,,,p.V654A,1,0,
KIT,missense,,,p.V654E,1,0,
KIT,missense,,,p.H697D,1,0,
KIT,missense,,,p.E761D,1,0,
KIT,missense,,,p.K807R,1,0,
KIT,missense,,,p.D816H,1,0,
KIT,missense,,,p.D816Y,1,0,
KIT,missense,,,p.D816F,1,0,
KIT,missense,,,p.D816I,1,0,
KIT,missense,,,p.D816V,1,0,
KIT,missense,,,p.D816H,1,0,
KMT2A,frameshift,,,,1,0,
KMT2A,nonsense,,,,1,0,
KMT2D,frameshift,,,,1,0,
KMT2D,nonsense,,,,1,0,
KRAS,missense,,,p.G12D,1,0,
KRAS,missense,,,p.G12A,1,0,
KRAS,missense,,,p.G12E,1,0,
KRAS,missense,,,p.G12V,1,0,
KRAS,missense,,,p.G13D,1,0,
KRAS,missense,,,p.G13C,1,0,
KRAS,missense,,,p.G13Y,1,0,
KRAS,missense,,,p.G13F,1,0,
KRAS,missense,,,p.G13R,1,0,
KRAS,missense,,,p.G13A,1,0,
KRAS,missense,,,p.G13V,1,0,
KRAS,missense,,,p.G13E,1,0,
KRAS,missense,,,p.V14I,1,0,
KRAS,missense,,,p.L19F,1,0,
KRAS,missense,,,p.T58I,1,0,
KRAS,missense,,,p.G60D,1,0,
KRAS,missense,,,p.G60A,1,0,
KRAS,missense,,,p.G60V,1,0,
KRAS,missense,,,p.Q61K,1,0,
KRAS,missense,,,p.Q61E,1,0,
KRAS,missense,,,p.Q61P,1,0,
KRAS,missense,,,p.Q61R,1,0,
KRAS,missense,,,p.Q61L,1,0,
KRAS,missense,,,p.Q61H,1,0,
KRAS,missense,,,p.K117E,1,0,
KRAS,missense,,,p.K117N,1,0,
KRAS,missense,,,p.A146T,1,0,
KRAS,missense,,,p.A146P,1,0,
KRAS,missense,,,p.A146V,1,0,
LUC7L2,frameshift,,,,1,0,
LUC7L2,nonsense,,,,1,0,
LUC7L2,splice-site,,,,1,0,
MPL,missense,,,p.S505G,1,0,
MPL,missense,,,p.S505N,1,0,
MPL,missense,,,p.S505C,1,0,
MPL,missense,,,p.L510P,1,0,
MPL,missense,,,p.L513del,0,1,del513
MPL,missense,,,p.W515A,1,0,
MPL,missense,,,p.W515R,1,0,
MPL,missense,,,p.W515K,1,0,
MPL,missense,,,p.W515S,1,0,
MPL,missense,,,p.W515L,1,0,
MPL,missense,,,p.515_518WQFP>KT,0,1,W515-518KT
MPL,missense,,,p.A519T,1,0,
MPL,missense,,,p.A519V,1,0,
MPL,missense,,,p.Y591D,1,0,
NF1,frameshift,,,,1,0,
NF1,nonsense,,,,1,0,
NPM1,frameshift,,,p.W288fs,0,1,"Frameshift p.W288fs (insertion at c.859_860, 860_861, 862_863, 863_864)"
NRAS,missense,,,p.G12S,1,0,
NRAS,missense,,,p.G12R,1,0,
NRAS,missense,,,p.G12C,1,0,
NRAS,missense,,,p.G12N,1,0,
NRAS,missense,,,p.G12P,1,0,
NRAS,missense,,,p.G12Y,1,0,
NRAS,missense,,,p.G12D,1,0,
NRAS,missense,,,p.G12A,1,0,
NRAS,missense,,,p.G12V,1,0,
NRAS,missense,,,p.G12E,1,0,
NRAS,missense,,,p.G13S,1,0,
NRAS,missense,,,p.G13R,1,0,
NRAS,missense,,,p.G13C,1,0,
NRAS,missense,,,p.G13N,1,0,
NRAS,missense,,,p.G13P,1,0,
NRAS,missense,,,p.G13Y,1,0,
NRAS,missense,,,p.G13D,1,0,
NRAS,missense,,,p.G13A,1,0,
NRAS,missense,,,p.G13V,1,0,
NRAS,missense,,,p.G13E,1,0,
NRAS,missense,,,p.G60E,1,0,
NRAS,missense,,,p.G60R,1,0,
NRAS,missense,,,p.Q61R,1,0,
NRAS,missense,,,p.Q61L,1,0,
NRAS,missense,,,p.Q61K,1,0,
NRAS,missense,,,p.Q61P,1,0,
NRAS,missense,,,p.Q61H,1,0,
NRAS,missense,,,p.Q61Q,1,0,
NXF1,frameshift,,,,1,0,
NXF1,nonsense,,,,1,0,
NXF1,splice-site,,,,1,0,
PDS5B,frameshift,,,,1,0,
PDS5B,missense,,,p.R1292Q,1,0,
PDS5B,nonsense,,,,1,0,
PDS5B,splice-site,,,,1,0,
PHF6,frameshift,,,,1,0,
PHF6,missense,,,p.A40D,1,0,
PHF6,missense,,,p.M125I,1,0,
PHF6,missense,,,p.S246Y,1,0,
PHF6,missense,,,p.F263L,1,0,
PHF6,missense,,,p.R274Q,1,0,
PHF6,missense,,,p.C297Y,1,0,
PHF6,missense,,,p.H302Y,1,0,
PHF6,missense,,,p.H329L,1,0,
PHF6,nonsense,,,,1,0,
PHF6,splice-site,,,,1,0,
PHIP,frameshift,,,,1,0,
PHIP,nonsense,,,,1,0,
PHIP,splice-site,,,,1,0,
PPM1D,frameshift,340,605,,0,1,exon 5 or 6
PPM1D,nonsense,340,605,,0,1,exon 5 or 6
PRPF8,missense,,,p.M1307I,1,0,
PRPF8,missense,,,p.C1594W,1,0,
PRPF8,missense,,,p.D1598Y,1,0,
PRPF8,missense,,,p.D1598N,1,0,
PRPF8,missense,,,p.D1598V,1,0,
PTEN,frameshift,,,,1,0,
PTEN,missense,,,p.D24G,1,0,
PTEN,missense,,,p.R47G,1,0,
PTEN,missense,,,p.F56V,1,0,
PTEN,missense,,,p.L57W,1,0,
PTEN,missense,,,p.H61R,1,0,
PTEN,missense,,,p.K66N,1,0,
PTEN,missense,,,p.Y68H,1,0,
PTEN,missense,,,p.C71Y,1,0,
PTEN,missense,,,p.F81C,1,0,
PTEN,missense,,,p.Y88C,1,0,
PTEN,missense,,,p.D92G,1,0,
PTEN,missense,,,p.D92V,1,0,
PTEN,missense,,,p.D92E,1,0,
PTEN,missense,,,p.H93Y,1,0,
PTEN,missense,,,p.H93D,1,0,
PTEN,missense,,,p.H93Q,1,0,
PTEN,missense,,,p.N94I,1,0,
PTEN,missense,,,p.P95L,1,0,
PTEN,missense,,,p.I101T,1,0,
PTEN,missense,,,p.C105F,1,0,
PTEN,missense,,,p.C105S,1,0,
PTEN,missense,,,p.D107Y,1,0,
PTEN,missense,,,p.L112V,1,0,
PTEN,missense,,,p.H123Y,1,0,
PTEN,missense,,,p.C124R,1,0,
PTEN,missense,,,p.C124S,1,0,
PTEN,missense,,,p.K125E,1,0,
PTEN,missense,,,p.A126D,1,0,
PTEN,missense,,,p.K128N,1,0,
PTEN,missense,,,p.R130G,1,0,
PTEN,missense,,,p.R130Q,1,0,
PTEN,missense,,,p.R130L,1,0,
PTEN,missense,,,p.G132D,1,0,
PTEN,missense,,,p.I135V,1,0,
PTEN,missense,,,p.I135K,1,0,
PTEN,missense,,,p.C136R,1,0,
PTEN,missense,,,p.C136F,1,0,
PTEN,missense,,,p.K144Q,1,0,
PTEN,missense,,,p.A151T,1,0,
PTEN,missense,,,p.D153Y,1,0,
PTEN,missense,,,p.D153N,1,0,
PTEN,missense,,,p.Y155H,1,0,
PTEN,missense,,,p.Y155C,1,0,
PTEN,missense,,,p.R159K,1,0,
PTEN,missense,,,p.R159S,1,0,
PTEN,missense,,,p.R161K,1,0,
PTEN,missense,,,p.R161I,1,0,
PTEN,missense,,,p.G165R,1,0,
PTEN,missense,,,p.G165E,1,0,
PTEN,missense,,,p.S170N,1,0,
PTEN,missense,,,p.S170I,1,0,
PTEN,missense,,,p.R173C,1,0,
PTEN,missense,,,p.Y174D,1,0,
PTEN,missense,,,p.Y177C,1,0,
PTEN,missense,,,p.H196Y,1,0,
PTEN,missense,,,p.R234W,1,0,
PTEN,missense,,,p.G251C,1,0,
PTEN,missense,,,p.D252Y,1,0,
PTEN,missense,,,p.F271S,1,0,
PTEN,missense,,,p.D326G,1,0,
PTEN,nonsense,,,,1,0,
PTPN11,missense,,,p.G60V,1,0,
PTPN11,missense,,,p.G60R,1,0,
PTPN11,missense,,,p.G60A,1,0,
PTPN11,missense,,,p.D61Y,1,0,
PTPN11,missense,,,p.D61V,1,0,
PTPN11,missense,,,p.D61G,1,0,
PTPN11,missense,,,p.Y63C,1,0,
PTPN11,missense,,,p.E69K,1,0,
PTPN11,missense,,,p.E69G,1,0,
PTPN11,missense,,,p.E69D,1,0,
PTPN11,missense,,,p.E69Q,1,0,
PTPN11,missense,,,p.F71L,1,0,
PTPN11,missense,,,p.F71K,1,0,
PTPN11,missense,,,p.A72T,1,0,
PTPN11,missense,,,p.A72V,1,0,
PTPN11,missense,,,p.A72D,1,0,
PTPN11,missense,,,p.T73I,1,0,
PTPN11,missense,,,p.E76K,1,0,
PTPN11,missense,,,p.E76Q,1,0,
PTPN11,missense,,,p.E76M,1,0,
PTPN11,missense,,,p.E76A,1,0,
PTPN11,missense,,,p.E76G,1,0,
PTPN11,missense,,,p.E139G,1,0,
PTPN11,missense,,,p.E139D,1,0,
PTPN11,missense,,,p.N308D,1,0,
PTPN11,missense,,,p.N308T,1,0,
PTPN11,missense,,,p.N339S,1,0,
PTPN11,missense,,,p.P491L,1,0,
PTPN11,missense,,,p.S502P,1,0,
PTPN11,missense,,,p.S502A,1,0,
PTPN11,missense,,,p.S502L,1,0,
PTPN11,missense,,,p.G503V,1,0,
PTPN11,missense,,,p.G503G,1,0,
PTPN11,missense,,,p.G503A,1,0,
PTPN11,missense,,,p.G503E,1,0,
PTPN11,missense,,,p.Q506P,1,0,
PTPN11,missense,,,p.T507A,1,0,
PTPN11,missense,,,p.T507K,1,0,
RAD21,frameshift,,,,1,0,
RAD21,missense,,,p.R65Q,1,0,
RAD21,missense,,,p.H208R,1,0,
RAD21,missense,,,p.Q474R,1,0,
RAD21,nonsense,,,,1,0,
RAD21,splice-site,,,,1,0,
RUNX1,frameshift,,,,1,0,
RUNX1,missense,,,p.S73F,1,0,
RUNX1,missense,,,p.H78Q,1,0,
RUNX1,missense,,,p.H78L,1,0,
RUNX1,missense,,,p.R80C,1,0,
RUNX1,missense,,,p.R80P,1,0,
RUNX1,missense,,,p.R80H,1,0,
RUNX1,missense,,,p.L85Q,1,0,
RUNX1,missense,,,p.P86L,1,0,
RUNX1,missense,,,p.P86H,1,0,
RUNX1,missense,,,p.S114L,1,0,
RUNX1,missense,,,p.D133Y,1,0,
RUNX1,missense,,,p.L134P,1,0,
RUNX1,missense,,,p.R135G,1,0,
RUNX1,missense,,,p.R135K,1,0,
RUNX1,missense,,,p.R135S,1,0,
RUNX1,missense,,,p.R139Q,1,0,
RUNX1,missense,,,p.R142S,1,0,
RUNX1,missense,,,p.A165V,1,0,
RUNX1,missense,,,p.D171G,1,0,
RUNX1,missense,,,p.D171V,1,0,
RUNX1,missense,,,p.D171N,1,0,
RUNX1,missense,,,p.R174Q,1,0,
RUNX1,missense,,,p.R177L,1,0,
RUNX1,missense,,,p.R177Q,1,0,
RUNX1,missense,,,p.R205W,1,0,
RUNX1,missense,,,p.R223C,1,0,
RUNX1,missense,,,p.A224T,1,0,
RUNX1,nonsense,,,,1,0,
RUNX1,splice-site,,,,1,0,
SETBP1,missense,,,p.D868N,1,0,
SETBP1,missense,,,p.D868T,1,0,
SETBP1,missense,,,p.S869N,1,0,
SETBP1,missense,,,p.G870S,1,0,
SETBP1,missense,,,p.I871T,1,0,
SETBP1,missense,,,p.D880N,1,0,
SETBP1,missense,,,p.D880Q,1,0,
SETD2,frameshift,,,,1,0,
SETD2,missense,,,p.V1190M,1,0,
SETD2,nonsense,,,,1,0,
SETDB1,frameshift,,,,1,0,
SETDB1,missense,,,p.K715E,1,0,
SETDB1,nonsense,,,,1,0,
SF3B1,missense,,,p.G347V,1,0,
SF3B1,missense,,,p.R387W,1,0,
SF3B1,missense,,,p.R387Q,1,0,
SF3B1,missense,,,p.E592K,1,0,
SF3B1,missense,,,p.E622D,1,0,
SF3B1,missense,,,p.Y623C,1,0,
SF3B1,missense,,,p.R625L,1,0,
SF3B1,missense,,,p.R625C,1,0,
SF3B1,missense,,,p.R625G,1,0,
SF3B1,missense,,,p.N626D,1,0,
SF3B1,missense,,,p.R630G,1,0,
SF3B1,missense,,,p.H662Q,1,0,
SF3B1,missense,,,p.H662D,1,0,
SF3B1,missense,,,p.T663I,1,0,
SF3B1,missense,,,p.K666N,1,0,
SF3B1,missense,,,p.K666Q,1,0,
SF3B1,missense,,,p.K666T,1,0,
SF3B1,missense,,,p.K666E,1,0,
SF3B1,missense,,,p.K666R,1,0,
SF3B1,missense,,,p.K700E,1,0,
SF3B1,missense,,,p.V701F,1,0,
SF3B1,missense,,,p.A708T,1,0,
SF3B1,missense,,,p.G740R,1,0,
SF3B1,missense,,,p.G740E,1,0,
SF3B1,missense,,,p.G742D,1,0,
SF3B1,missense,,,p.A744P,1,0,
SF3B1,missense,,,p.A745P,1,0,
SF3B1,missense,,,p.K748E,1,0,
SF3B1,missense,,,p.R775P,1,0,
SF3B1,missense,,,p.D781G,1,0,
SF3B1,missense,,,p.E783K,1,0,
SF3B1,missense,,,p.R831Q,1,0,
SF3B1,missense,,,p.L833F,1,0,
SF3B1,missense,,,p.E862K,1,0,
SF3B1,missense,,,p.R957Q,1,0,
SMC1A,missense,,,p.K190T,1,0,
SMC1A,missense,,,p.R586W,1,0,
SMC1A,missense,,,p.M689V,1,0,
SMC1A,missense,,,p.R807H,1,0,
SMC1A,missense,,,p.R1090H,1,0,
SMC1A,missense,,,p.R1090C,1,0,
SMC3,frameshift,,,,1,0,
SMC3,missense,,,p.R155I,1,0,
SMC3,missense,,,p.Q367E,1,0,
SMC3,missense,,,p.D392V,1,0,
SMC3,missense,,,p.K571R,1,0,
SMC3,missense,,,p.R661P,1,0,
SMC3,missense,,,p.G662C,1,0,
SMC3,nonsense,,,,1,0,
SRCAP,frameshift,,,,1,0,
SRCAP,nonsense,,,,1,0,
SRCAP,splice-site,,,,1,0,
SRSF2,frameshift,,,p.P95fs,0,1,
SRSF2,missense,,,p.Y44H,1,0,
SRSF2,missense,,,p.P95H,1,0,
SRSF2,missense,,,p.P95L,1,0,
SRSF2,missense,,,p.P95T,1,0,
SRSF2,missense,,,p.P95R,1,0,
SRSF2,missense,,,p.P95A,1,0,
SRSF2,missense,,,p.P107H,1,0,
STAG1,frameshift,,,,1,0,
STAG1,missense,,,p.H1085Y,1,0,
STAG1,nonsense,,,,1,0,
STAG1,splice-site,,,,1,0,
STAG2,frameshift,,,,1,0,
STAG2,nonsense,,,,1,0,
STAG2,splice-site,,,,1,0,
SUZ12,frameshift,,,,1,0,
SUZ12,nonsense,,,,1,0,
TET2,frameshift,,,,1,0,
TET2,missense,,,p.D1121Y,1,0,
TET2,missense,,,p.D1129Y,1,0,
TET2,missense,,,p.C1133R,1,0,
TET2,missense,,,p.C1133W,1,0,
TET2,missense,,,p.C1135Y,1,0,
TET2,missense,,,p.C1135F,1,0,
TET2,missense,,,p.C1135W,1,0,
TET2,missense,,,p.G1137V,1,0,
TET2,missense,,,p.E1137K,1,0,
TET2,missense,,,p.E1137D,1,0,
TET2,missense,,,p.G1137D,1,0,
TET2,missense,,,p.E1141K,1,0,
TET2,missense,,,p.E1144K,1,0,
TET2,missense,,,p.Y1148C,1,0,
TET2,missense,,,p.L1151R,1,0,
TET2,missense,,,p.G1152R,1,0,
TET2,missense,,,p.A1153T,1,0,
TET2,missense,,,p.A1153V,1,0,
TET2,missense,,,p.G1154S,1,0,
TET2,missense,,,p.C1156Y,1,0,
TET2,missense,,,p.V1157M,1,0,
TET2,missense,,,p.I1160F,1,0,
TET2,missense,,,p.I1160S,1,0,
TET2,missense,,,p.R1161G,1,0,
TET2,missense,,,p.R1161S,1,0,
TET2,missense,,,p.M1164I,1,0,
TET2,missense,,,p.E1165K,1,0,
TET2,missense,,,p.E1165D,1,0,
TET2,missense,,,p.R1167G,1,0,
TET2,missense,,,p.R1167K,1,0,
TET2,missense,,,p.R1167S,1,0,
TET2,missense,,,p.R1167M,1,0,
TET2,missense,,,p.L1172R,1,0,
TET2,missense,,,p.A1174T,1,0,
TET2,missense,,,p.I1175T,1,0,
TET2,missense,,,p.V1180D,1,0,
TET2,missense,,,p.M1185I,1,0,
TET2,missense,,,p.E1186A,1,0,
TET2,missense,,,p.G1187S,1,0,
TET2,missense,,,p.K1188R,1,0,
TET2,missense,,,p.G1192V,1,0,
TET2,missense,,,p.C1193Y,1,0,
TET2,missense,,,p.C1193W,1,0,
TET2,missense,,,p.P1194L,1,0,
TET2,missense,,,p.P1194R,1,0,
TET2,missense,,,p.I1195V,1,0,
TET2,missense,,,p.K1197E,1,0,
TET2,missense,,,p.W1198C,1,0,
TET2,missense,,,p.W1198R,1,0,
TET2,missense,,,p.V1201I,1,0,
TET2,missense,,,p.E1207D,1,0,
TET2,missense,,,p.L1209P,1,0,
TET2,missense,,,p.L1210P,1,0,
TET2,missense,,,p.C1211Y,1,0,
TET2,missense,,,p.L1212S,1,0,
TET2,missense,,,p.V1213M,1,0,
TET2,missense,,,p.V1213E,1,0,
TET2,missense,,,p.R1214W,1,0,
TET2,missense,,,p.R1214Q,1,0,
TET2,missense,,,p.R1216Q,1,0,
TET2,missense,,,p.H1219D,1,0,
TET2,missense,,,p.H1219R,1,0,
TET2,missense,,,p.H1219Y,1,0,
TET2,missense,,,p.C1221Y,1,0,
TET2,missense,,,p.C1221R,1,0,
TET2,missense,,,p.C1221S,1,0,
TET2,missense,,,p.C1221W,1,0,
TET2,missense,,,p.C1221F,1,0,
TET2,missense,,,p.L1229R,1,0,
TET2,missense,,,p.G1235E,1,0,
TET2,missense,,,p.R1235W,1,0,
TET2,missense,,,p.L1238V,1,0,
TET2,missense,,,p.A1241S,1,0,
TET2,missense,,,p.K1243R,1,0,
TET2,missense,,,p.K1243N,1,0,
TET2,missense,,,p.L1244P,1,0,
TET2,missense,,,p.Y1245C,1,0,
TET2,missense,,,p.Y1245N,1,0,
TET2,missense,,,p.L1248P,1,0,
TET2,missense,,,p.L1248R,1,0,
TET2,missense,,,p.L1252P,1,0,
TET2,missense,,,p.L1252V,1,0,
TET2,missense,,,p.G1256C,1,0,
TET2,missense,,,p.R1261C,1,0,
TET2,missense,,,p.R1261S,1,0,
TET2,missense,,,p.R1261H,1,0,
TET2,missense,,,p.R1261P,1,0,
TET2,missense,,,p.R1262W,1,0,
TET2,missense,,,p.C1263F,1,0,
TET2,missense,,,p.C1263Y,1,0,
TET2,missense,,,p.N1266D,1,0,
TET2,missense,,,p.N1266K,1,0,
TET2,missense,,,p.N1266H,1,0,
TET2,missense,,,p.N1266Y,1,0,
TET2,missense,,,p.N1266S,1,0,
TET2,missense,,,p.C1271W,1,0,
TET2,missense,,,p.C1271S,1,0,
TET2,missense,,,p.C1273W,1,0,
TET2,missense,,,p.C1273R,1,0,
TET2,missense,,,p.C1273S,1,0,
TET2,missense,,,p.Q1274P,1,0,
TET2,missense,,,p.G1275R,1,0,
TET2,missense,,,p.G1275V,1,0,
TET2,missense,,,p.G1282R,1,0,
TET2,missense,,,p.G1282D,1,0,
TET2,missense,,,p.R1283P,1,0,
TET2,missense,,,p.S1284F,1,0,
TET2,missense,,,p.F1287V,1,0,
TET2,missense,,,p.G1288D,1,0,
TET2,missense,,,p.G1288V,1,0,
TET2,missense,,,p.C1289F,1,0,
TET2,missense,,,p.C1289W,1,0,
TET2,missense,,,p.S1290L,1,0,
TET2,missense,,,p.W1291C,1,0,
TET2,missense,,,p.S1292R,1,0,
TET2,missense,,,p.M1293I,1,0,
TET2,missense,,,p.Y1294C,1,0,
TET2,missense,,,p.G1297E,1,0,
TET2,missense,,,p.G1297R,1,0,
TET2,missense,,,p.C1298Y,1,0,
TET2,missense,,,p.C1298S,1,0,
TET2,missense,,,p.K1299M,1,0,
TET2,missense,,,p.K1299Q,1,0,
TET2,missense,,,p.K1299N,1,0,
TET2,missense,,,p.F1300V,1,0,
TET2,missense,,,p.F1300L,1,0,
TET2,missense,,,p.F1300I,1,0,
TET2,missense,,,p.S1303G,1,0,
TET2,missense,,,p.S1303R,1,0,
TET2,missense,,,p.K1310Q,1,0,
TET2,missense,,,p.L1311Q,1,0,
TET2,missense,,,p.E1318E,1,0,
TET2,missense,,,p.L1322Q,1,0,
TET2,missense,,,p.L1322P,1,0,
TET2,missense,,,p.L1322R,1,0,
TET2,missense,,,p.L1326W,1,0,
TET2,missense,,,p.L1329P,1,0,
TET2,missense,,,p.L1329Q,1,0,
TET2,missense,,,p.L1332P,1,0,
TET2,missense,,,p.M1333K,1,0,
TET2,missense,,,p.L1340R,1,0,
TET2,missense,,,p.L1340P,1,0,
TET2,missense,,,p.Y1345D,1,0,
TET2,missense,,,p.Y1345C,1,0,
TET2,missense,,,p.Q1348K,1,0,
TET2,missense,,,p.Q1348R,1,0,
TET2,missense,,,p.I1349N,1,0,
TET2,missense,,,p.E1352K,1,0,
TET2,missense,,,p.A1355V,1,0,
TET2,missense,,,p.C1358S,1,0,
TET2,missense,,,p.C1358W,1,0,
TET2,missense,,,p.R1359C,1,0,
TET2,missense,,,p.R1359L,1,0,
TET2,missense,,,p.R1359P,1,0,
TET2,missense,,,p.R1359H,1,0,
TET2,missense,,,p.R1359G,1,0,
TET2,missense,,,p.R1359S,1,0,
TET2,missense,,,p.L1360R,1,0,
TET2,missense,,,p.G1361C,1,0,
TET2,missense,,,p.G1361S,1,0,
TET2,missense,,,p.G1361D,1,0,
TET2,missense,,,p.R1366H,1,0,
TET2,missense,,,p.R1366L,1,0,
TET2,missense,,,p.R1366C,1,0,
TET2,missense,,,p.P1367L,1,0,
TET2,missense,,,p.P1367S,1,0,
TET2,missense,,,p.P1367R,1,0,
TET2,missense,,,p.F1368L,1,0,
TET2,missense,,,p.G1370V,1,0,
TET2,missense,,,p.G1370R,1,0,
TET2,missense,,,p.V1371D,1,0,
TET2,missense,,,p.A1373P,1,0,
TET2,missense,,,p.A1376V,1,0,
TET2,missense,,,p.D1376G,1,0,
TET2,missense,,,p.F1377V,1,0,
TET2,missense,,,p.F1377I,1,0,
TET2,missense,,,p.C1378R,1,0,
TET2,missense,,,p.C1378Y,1,0,
TET2,missense,,,p.C1378F,1,0,
TET2,missense,,,p.H1380Y,1,0,
TET2,missense,,,p.H1380L,1,0,
TET2,missense,,,p.H1380R,1,0,
TET2,missense,,,p.H1380Q,1,0,
TET2,missense,,,p.H1382P,1,0,
TET2,missense,,,p.R1383G,1,0,
TET2,missense,,,p.H1386D,1,0,
TET2,missense,,,p.R1387H,1,0,
TET2,missense,,,p.N1387S,1,0,
TET2,missense,,,p.T1393A,1,0,
TET2,missense,,,p.C1395Y,1,0,
TET2,missense,,,p.T1397I,1,0,
TET2,missense,,,p.L1398R,1,0,
TET2,missense,,,p.F1398C,1,0,
TET2,missense,,,p.F1398L,1,0,
TET2,missense,,,p.L1398H,1,0,
TET2,missense,,,p.L1398P,1,0,
TET2,missense,,,p.H1401Y,1,0,
TET2,missense,,,p.E1401A,1,0,
TET2,missense,,,p.N1403S,1,0,
TET2,missense,,,p.Q1414R,1,0,
TET2,missense,,,p.Q1414H,1,0,
TET2,missense,,,p.Q1414K,1,0,
TET2,missense,,,p.V1416I,1,0,
TET2,missense,,,p.V1417F,1,0,
TET2,missense,,,p.P1419R,1,0,
TET2,missense,,,p.D1427V,1,0,
TET2,missense,,,p.Q1435K,1,0,
TET2,missense,,,p.V1438F,1,0,
TET2,missense,,,p.G1861E,1,0,
TET2,missense,,,p.G1861R,1,0,
TET2,missense,,,p.G1861V,1,0,
TET2,missense,,,p.A1863V,1,0,
TET2,missense,,,p.H1868Y,1,0,
TET2,missense,,,p.H1868P,1,0,
TET2,missense,,,p.H1868L,1,0,
TET2,missense,,,p.G1869W,1,0,
TET2,missense,,,p.S1870L,1,0,
TET2,missense,,,p.L1872P,1,0,
TET2,missense,,,p.I1873T,1,0,
TET2,missense,,,p.I1873S,1,0,
TET2,missense,,,p.A1876T,1,0,
TET2,missense,,,p.A1876V,1,0,
TET2,missense,,,p.R1878P,1,0,
TET2,missense,,,p.R1878H,1,0,
TET2,missense,,,p.E1879Q,1,0,
TET2,missense,,,p.E1879G,1,0,
TET2,missense,,,p.E1879D,1,0,
TET2,missense,,,p.H1881N,1,0,
TET2,missense,,,p.H1881L,1,0,
TET2,missense,,,p.T1884A,1,0,
TET2,missense,,,p.T1884I,1,0,
TET2,missense,,,p.P1889L,1,0,
TET2,missense,,,p.N1890S,1,0,
TET2,missense,,,p.P1894T,1,0,
TET2,missense,,,p.P1894R,1,0,
TET2,missense,,,p.P1894L,1,0,
TET2,missense,,,p.P1894H,1,0,
TET2,missense,,,p.R1896G,1,0,
TET2,missense,,,p.I1897N,1,0,
TET2,missense,,,p.S1898F,1,0,
TET2,missense,,,p.V1900F,1,0,
TET2,missense,,,p.E1900K,1,0,
TET2,missense,,,p.V1900D,1,0,
TET2,missense,,,p.Y1902H,1,0,
TET2,missense,,,p.Y1902C,1,0,
TET2,missense,,,p.Q1903R,1,0,
TET2,missense,,,p.A1903V,1,0,
TET2,missense,,,p.H1904R,1,0,
TET2,missense,,,p.H1904Q,1,0,
TET2,missense,,,p.K1905E,1,0,
TET2,missense,,,p.T1905A,1,0,
TET2,missense,,,p.H1912R,1,0,
TET2,missense,,,p.H1912D,1,0,
TET2,missense,,,p.H1912Y,1,0,
TET2,missense,,,p.G1913D,1,0,
TET2,missense,,,p.A1919D,1,0,
TET2,missense,,,p.F1922S,1,0,
TET2,missense,,,p.Y1923H,1,0,
TET2,missense,,,p.H1925Q,1,0,
TET2,missense,,,p.K1934N,1,0,
TET2,missense,,,p.R1966C,1,0,
TET2,missense,,,p.D1981A,1,0,
TET2,missense,,,p.S1982Y,1,0,
TET2,missense,1104,1481,,0,1,in catalytic domains (p.1104-1481 and 1843-2002)
TET2,missense,1843,2002,,0,1,in catalytic domains (p.1104-1481 and 1843-2002)
TET2,nonsense,,,,1,0,
TET2,splice-site,,,,1,0,
TP53,frameshift,,,,1,0,
TP53,missense,,,p.S46F,1,0,
TP53,missense,,,p.G105C,1,0,
TP53,missense,,,p.G105R,1,0,
TP53,missense,,,p.G105D,1,0,
TP53,missense,,,p.G108S,1,0,
TP53,missense,,,p.G108C,1,0,
TP53,missense,,,p.R110L,1,0,
TP53,missense,,,p.R110C,1,0,
TP53,missense,,,p.T118A,1,0,
TP53,missense,,,p.T118R,1,0,
TP53,missense,,,p.T118I,1,0,
TP53,missense,,,p.S127F,1,0,
TP53,missense,,,p.S127Y,1,0,
TP53,missense,,,p.L130V,1,0,
TP53,missense,,,p.L130F,1,0,
TP53,missense,,,p.K132Q,1,0,
TP53,missense,,,p.K132E,1,0,
TP53,missense,,,p.K132W,1,0,
TP53,missense,,,p.K132R,1,0,
TP53,missense,,,p.K132M,1,0,
TP53,missense,,,p.K132N,1,0,
TP53,missense,,,p.F134V,1,0,
TP53,missense,,,p.F134S,1,0,
TP53,missense,,,p.F134L,1,0,
TP53,missense,,,p.C135W,1,0,
TP53,missense,,,p.C135S,1,0,
TP53,missense,,,p.C135F,1,0,
TP53,missense,,,p.C135G,1,0,
TP53,missense,,,p.C135Y,1,0,
TP53,missense,,,p.Q136K,1,0,
TP53,missense,,,p.Q136E,1,0,
TP53,missense,,,p.Q136P,1,0,
TP53,missense,,,p.Q136R,1,0,
TP53,missense,,,p.Q136L,1,0,
TP53,missense,,,p.Q136H,1,0,
TP53,missense,,,p.A138P,1,0,
TP53,missense,,,p.A138V,1,0,
TP53,missense,,,p.A138A,1,0,
TP53,missense,,,p.A138T,1,0,
TP53,missense,,,p.T140I,1,0,
TP53,missense,,,p.C141R,1,0,
TP53,missense,,,p.C141G,1,0,
TP53,missense,,,p.C141A,1,0,
TP53,missense,,,p.C141Y,1,0,
TP53,missense,,,p.C141S,1,0,
TP53,missense,,,p.C141F,1,0,
TP53,missense,,,p.C141W,1,0,
TP53,missense,,,p.V143M,1,0,
TP53,missense,,,p.V143A,1,0,
TP53,missense,,,p.V143E,1,0,
TP53,missense,,,p.L145Q,1,0,
TP53,missense,,,p.L145R,1,0,
TP53,missense,,,p.W146C,1,0,
TP53,missense,,,p.W146L,1,0,
TP53,missense,,,p.V147G,1,0,
TP53,missense,,,p.P151T,1,0,
TP53,missense,,,p.P151A,1,0,
TP53,missense,,,p.P151S,1,0,
TP53,missense,,,p.P151H,1,0,
TP53,missense,,,p.P151R,1,0,
TP53,missense,,,p.P152S,1,0,
TP53,missense,,,p.P152R,1,0,
TP53,missense,,,p.P152L,1,0,
TP53,missense,,,p.T155P,1,0,
TP53,missense,,,p.T155A,1,0,
TP53,missense,,,p.V157F,1,0,
TP53,missense,,,p.R158H,1,0,
TP53,missense,,,p.R158L,1,0,
TP53,missense,,,p.A159V,1,0,
TP53,missense,,,p.A159P,1,0,
TP53,missense,,,p.A159S,1,0,
TP53,missense,,,p.A159D,1,0,
TP53,missense,,,p.A161T,1,0,
TP53,missense,,,p.A161D,1,0,
TP53,missense,,,p.Y163N,1,0,
TP53,missense,,,p.Y163H,1,0,
TP53,missense,,,p.Y163D,1,0,
TP53,missense,,,p.Y163S,1,0,
TP53,missense,,,p.Y163C,1,0,
TP53,missense,,,p.K164E,1,0,
TP53,missense,,,p.K164M,1,0,
TP53,missense,,,p.K164N,1,0,
TP53,missense,,,p.K164P,1,0,
TP53,missense,,,p.H168Y,1,0,
TP53,missense,,,p.H168P,1,0,
TP53,missense,,,p.H168R,1,0,
TP53,missense,,,p.H168L,1,0,
TP53,missense,,,p.H168Q,1,0,
TP53,missense,,,p.M169I,1,0,
TP53,missense,,,p.M169T,1,0,
TP53,missense,,,p.M169V,1,0,
TP53,missense,,,p.E171K,1,0,
TP53,missense,,,p.E171Q,1,0,
TP53,missense,,,p.E171G,1,0,
TP53,missense,,,p.E171A,1,0,
TP53,missense,,,p.E171V,1,0,
TP53,missense,,,p.E171D,1,0,
TP53,missense,,,p.V172D,1,0,
TP53,missense,,,p.V173M,1,0,
TP53,missense,,,p.V173L,1,0,
TP53,missense,,,p.V173G,1,0,
TP53,missense,,,p.R174W,1,0,
TP53,missense,,,p.R175G,1,0,
TP53,missense,,,p.R175C,1,0,
TP53,missense,,,p.R175H,1,0,
TP53,missense,,,p.C176R,1,0,
TP53,missense,,,p.C176G,1,0,
TP53,missense,,,p.C176Y,1,0,
TP53,missense,,,p.C176F,1,0,
TP53,missense,,,p.C176S,1,0,
TP53,missense,,,p.P177R,1,0,
TP53,missense,,,p.P177L,1,0,
TP53,missense,,,p.H178D,1,0,
TP53,missense,,,p.H178P,1,0,
TP53,missense,,,p.H178Q,1,0,
TP53,missense,,,p.H179Y,1,0,
TP53,missense,,,p.H179R,1,0,
TP53,missense,,,p.H179D,1,0,
TP53,missense,,,p.H179Q,1,0,
TP53,missense,,,p.R181C,1,0,
TP53,missense,,,p.R181Y,1,0,
TP53,missense,,,p.R181H,1,0,
TP53,missense,,,p.D186G,1,0,
TP53,missense,,,p.G187S,1,0,
TP53,missense,,,p.P190L,1,0,
TP53,missense,,,p.P190T,1,0,
TP53,missense,,,p.H193N,1,0,
TP53,missense,,,p.H193P,1,0,
TP53,missense,,,p.H193L,1,0,
TP53,missense,,,p.H193R,1,0,
TP53,missense,,,p.L194F,1,0,
TP53,missense,,,p.L194R,1,0,
TP53,missense,,,p.I195F,1,0,
TP53,missense,,,p.I195N,1,0,
TP53,missense,,,p.I195T,1,0,
TP53,missense,,,p.R196P,1,0,
TP53,missense,,,p.V197L,1,0,
TP53,missense,,,p.G199V,1,0,
TP53,missense,,,p.V203M,1,0,
TP53,missense,,,p.Y205D,1,0,
TP53,missense,,,p.Y205N,1,0,
TP53,missense,,,p.Y205C,1,0,
TP53,missense,,,p.Y205H,1,0,
TP53,missense,,,p.D208V,1,0,
TP53,missense,,,p.F212I,1,0,
TP53,missense,,,p.R213Q,1,0,
TP53,missense,,,p.R213P,1,0,
TP53,missense,,,p.R213L,1,0,
TP53,missense,,,p.R213Q,1,0,
TP53,missense,,,p.H214D,1,0,
TP53,missense,,,p.H214P,1,0,
TP53,missense,,,p.H214R,1,0,
TP53,missense,,,p.S215G,1,0,
TP53,missense,,,p.S215I,1,0,
TP53,missense,,,p.S215R,1,0,
TP53,missense,,,p.V216M,1,0,
TP53,missense,,,p.V217G,1,0,
TP53,missense,,,p.Y220N,1,0,
TP53,missense,,,p.Y220H,1,0,
TP53,missense,,,p.Y220S,1,0,
TP53,missense,,,p.Y220C,1,0,
TP53,missense,,,p.E224D,1,0,
TP53,missense,,,p.I232F,1,0,
TP53,missense,,,p.I232N,1,0,
TP53,missense,,,p.I232T,1,0,
TP53,missense,,,p.I232S,1,0,
TP53,missense,,,p.Y234N,1,0,
TP53,missense,,,p.Y234H,1,0,
TP53,missense,,,p.Y234S,1,0,
TP53,missense,,,p.Y234C,1,0,
TP53,missense,,,p.Y236N,1,0,
TP53,missense,,,p.Y236H,1,0,
TP53,missense,,,p.Y236C,1,0,
TP53,missense,,,p.M237V,1,0,
TP53,missense,,,p.M237K,1,0,
TP53,missense,,,p.M237I,1,0,
TP53,missense,,,p.C238R,1,0,
TP53,missense,,,p.C238G,1,0,
TP53,missense,,,p.C238Y,1,0,
TP53,missense,,,p.C238W,1,0,
TP53,missense,,,p.N239T,1,0,
TP53,missense,,,p.N239S,1,0,
TP53,missense,,,p.S241Y,1,0,
TP53,missense,,,p.S241C,1,0,
TP53,missense,,,p.S241F,1,0,
TP53,missense,,,p.C242G,1,0,
TP53,missense,,,p.C242Y,1,0,
TP53,missense,,,p.C242S,1,0,
TP53,missense,,,p.C242F,1,0,
TP53,missense,,,p.G244S,1,0,
TP53,missense,,,p.G244C,1,0,
TP53,missense,,,p.G244D,1,0,
TP53,missense,,,p.G245S,1,0,
TP53,missense,,,p.G245R,1,0,
TP53,missense,,,p.G245C,1,0,
TP53,missense,,,p.G245D,1,0,
TP53,missense,,,p.G245A,1,0,
TP53,missense,,,p.G245V,1,0,
TP53,missense,,,p.G245S,1,0,
TP53,missense,,,p.M246V,1,0,
TP53,missense,,,p.M246K,1,0,
TP53,missense,,,p.M246R,1,0,
TP53,missense,,,p.M246I,1,0,
TP53,missense,,,p.N247I,1,0,
TP53,missense,,,p.R248W,1,0,
TP53,missense,,,p.R248G,1,0,
TP53,missense,,,p.R248Q,1,0,
TP53,missense,,,p.R249G,1,0,
TP53,missense,,,p.R249W,1,0,
TP53,missense,,,p.R249T,1,0,
TP53,missense,,,p.R249M,1,0,
TP53,missense,,,p.P250L,1,0,
TP53,missense,,,p.I251N,1,0,
TP53,missense,,,p.L252P,1,0,
TP53,missense,,,p.I254S,1,0,
TP53,missense,,,p.I255F,1,0,
TP53,missense,,,p.I255N,1,0,
TP53,missense,,,p.I255S,1,0,
TP53,missense,,,p.L257Q,1,0,
TP53,missense,,,p.L257P,1,0,
TP53,missense,,,p.E258K,1,0,
TP53,missense,,,p.E258Q,1,0,
TP53,missense,,,p.D259Y,1,0,
TP53,missense,,,p.S261T,1,0,
TP53,missense,,,p.G262D,1,0,
TP53,missense,,,p.G262V,1,0,
TP53,missense,,,p.L265P,1,0,
TP53,missense,,,p.G266R,1,0,
TP53,missense,,,p.G266E,1,0,
TP53,missense,,,p.G266V,1,0,
TP53,missense,,,p.R267W,1,0,
TP53,missense,,,p.R267Q,1,0,
TP53,missense,,,p.R267P,1,0,
TP53,missense,,,p.E271K,1,0,
TP53,missense,,,p.V272M,1,0,
TP53,missense,,,p.V272L,1,0,
TP53,missense,,,p.R273S,1,0,
TP53,missense,,,p.R273G,1,0,
TP53,missense,,,p.R273C,1,0,
TP53,missense,,,p.R273H,1,0,
TP53,missense,,,p.R273P,1,0,
TP53,missense,,,p.R273L,1,0,
TP53,missense,,,p.V274F,1,0,
TP53,missense,,,p.V274D,1,0,
TP53,missense,,,p.V274A,1,0,
TP53,missense,,,p.V274G,1,0,
TP53,missense,,,p.V274L,1,0,
TP53,missense,,,p.C275Y,1,0,
TP53,missense,,,p.C275S,1,0,
TP53,missense,,,p.C275F,1,0,
TP53,missense,,,p.A276P,1,0,
TP53,missense,,,p.C277F,1,0,
TP53,missense,,,p.C277Y,1,0,
TP53,missense,,,p.P278T,1,0,
TP53,missense,,,p.P278A,1,0,
TP53,missense,,,p.P278S,1,0,
TP53,missense,,,p.P278H,1,0,
TP53,missense,,,p.P278R,1,0,
TP53,missense,,,p.P278L,1,0,
TP53,missense,,,p.G279E,1,0,
TP53,missense,,,p.R280G,1,0,
TP53,missense,,,p.R280K,1,0,
TP53,missense,,,p.R280T,1,0,
TP53,missense,,,p.R280I,1,0,
TP53,missense,,,p.R280S,1,0,
TP53,missense,,,p.D281N,1,0,
TP53,missense,,,p.D281H,1,0,
TP53,missense,,,p.D281Y,1,0,
TP53,missense,,,p.D281G,1,0,
TP53,missense,,,p.D281E,1,0,
TP53,missense,,,p.D281V,1,0,
TP53,missense,,,p.R282G,1,0,
TP53,missense,,,p.R282W,1,0,
TP53,missense,,,p.R282Q,1,0,
TP53,missense,,,p.R282P,1,0,
TP53,missense,,,p.E285K,1,0,
TP53,missense,,,p.E285V,1,0,
TP53,missense,,,p.E286G,1,0,
TP53,missense,,,p.E286V,1,0,
TP53,missense,,,p.E286K,1,0,
TP53,missense,,,p.K320N,1,0,
TP53,missense,,,p.L330R,1,0,
TP53,missense,,,p.G334V,1,0,
TP53,missense,,,p.R337C,1,0,
TP53,missense,,,p.R337L,1,0,
TP53,missense,,,p.A347T,1,0,
TP53,missense,,,p.L348F,1,0,
TP53,missense,,,p.T377P,1,0,
TP53,nonsense,,,,1,0,
TP53,splice-site,,,,1,0,
U2AF1,missense,,,p.D14G,1,0,
U2AF1,missense,,,p.S34F,1,0,
U2AF1,missense,,,p.S34Y,1,0,
U2AF1,missense,,,p.R35L,1,0,
U2AF1,missense,,,p.R156H,1,0,
U2AF1,missense,,,p.R156Q,1,0,
U2AF1,missense,,,p.Q157R,1,0,
U2AF1,missense,,,p.Q157P,1,0,
U2AF2,missense,,,p.R18W,1,0,
U2AF2,missense,,,p.Q143L,1,0,
U2AF2,missense,,,p.M144I,1,0,
U2AF2,missense,,,p.L187V,1,0,
U2AF2,missense,,,p.Q190L,1,0,
WT1,frameshift,,,,1,0,
WT1,nonsense,,,,1,0,
WT1,splice-site,,,,1,0,
YLPM1,frameshift,,,,1,0,
YLPM1,nonsense,,,,1,0,
YLPM1,splice-site,,,,1,0,
ZBTB33,frameshift,,,,1,0,
ZBTB33,missense,,,p.A9P,1,0,
ZBTB33,missense,,,p.D11V,1,0,
ZBTB33,missense,,,p.D11G,1,0,
ZBTB33,missense,,,p.S15C,1,0,
ZBTB33,missense,,,p.L19P,1,0,
ZBTB33,missense,,,p.Q25E,1,0,
ZBTB33,missense,,,p.Q25R,1,0,
ZBTB33,missense,,,p.R26C,1,0,
ZBTB33,missense,,,p.R26H,1,0,
ZBTB33,missense,,,p.C32G,1,0,
ZBTB33,missense,,,p.C32Y,1,0,
ZBTB33,missense,,,p.V34G,1,0,
ZBTB33,missense,,,p.V34D,1,0,
ZBTB33,missense,,,p.T35P,1,0,
ZBTB33,missense,,,p.R41Q,1,0,
ZBTB33,missense,,,p.A45P,1,0,
ZBTB33,missense,,,p.L50I,1,0,
ZBTB33,missense,,,p.S54G,1,0,
ZBTB33,missense,,,p.Y56C,1,0,
ZBTB33,missense,,,p.Q59P,1,0,
ZBTB33,missense,,,p.Q59K,1,0,
ZBTB33,missense,,,p.V67I,1,0,
ZBTB33,missense,,,p.V68D,1,0,
ZBTB33,missense,,,p.L70R,1,0,
ZBTB33,missense,,,p.R74G,1,0,
ZBTB33,missense,,,p.I77F,1,0,
ZBTB33,missense,,,p.I77N,1,0,
ZBTB33,missense,,,p.Y86C,1,0,
ZBTB33,missense,,,p.I90N,1,0,
ZBTB33,missense,,,p.E100G,1,0,
ZBTB33,missense,,,p.L108V,1,0,
ZBTB33,missense,,,p.I113K,1,0,
ZBTB33,missense,,,p.I113T,1,0,
ZBTB33,missense,,,p.A114T,1,0,
ZBTB33,missense,,,p.A114V,1,0,
ZBTB33,missense,,,p.L116H,1,0,
ZBTB33,missense,,,p.Y434H,1,0,
ZBTB33,missense,,,p.Y434C,1,0,
ZBTB33,missense,,,p.A435V,1,0,
ZBTB33,missense,,,p.I437T,1,0,
ZBTB33,missense,,,p.G438S,1,0,
ZBTB33,missense,,,p.G438V,1,0,
ZBTB33,missense,,,p.T441A,1,0,
ZBTB33,missense,,,p.Y442C,1,0,
ZBTB33,missense,,,p.D443G,1,0,
ZBTB33,missense,,,p.I446S,1,0,
ZBTB33,missense,,,p.P447A,1,0,
ZBTB33,missense,,,p.L459F,1,0,
ZBTB33,missense,,,p.E485D,1,0,
ZBTB33,missense,,,p.Y494C,1,0,
ZBTB33,missense,,,p.C496R,1,0,
ZBTB33,missense,,,p.C496F,1,0,
ZBTB33,missense,,,p.C496S,1,0,
ZBTB33,missense,,,p.C496Y,1,0,
ZBTB33,missense,,,p.R501T,1,0,
ZBTB33,missense,,,p.Y503S,1,0,
ZBTB33,missense,,,p.L509V,1,0,
ZBTB33,missense,,,p.H512Y,1,0,
ZBTB33,missense,,,p.H512R,1,0,
ZBTB33,missense,,,p.N514K,1,0,
ZBTB33,missense,,,p.S517C,1,0,
ZBTB33,missense,,,p.Y522C,1,0,
ZBTB33,missense,,,p.Y522H,1,0,
ZBTB33,missense,,,p.R525C,1,0,
ZBTB33,missense,,,p.Y526N,1,0,
ZBTB33,missense,,,p.Y526D,1,0,
ZBTB33,missense,,,p.C527R,1,0,
ZBTB33,missense,,,p.C527Y,1,0,
ZBTB33,missense,,,p.P532S,1,0,
ZBTB33,missense,,,p.L533F,1,0,
ZBTB33,missense,,,p.A534V,1,0,
ZBTB33,missense,,,p.A534T,1,0,
ZBTB33,missense,,,p.E535Q,1,0,
ZBTB33,missense,,,p.E535K,1,0,
ZBTB33,missense,,,p.E535A,1,0,
ZBTB33,missense,,,p.R537C,1,0,
ZBTB33,missense,,,p.R537H,1,0,
ZBTB33,missense,,,p.R537L,1,0,
ZBTB33,missense,,,p.T538A,1,0,
ZBTB33,missense,,,p.T538R,1,0,
ZBTB33,missense,,,p.H540N,1,0,
ZBTB33,missense,,,p.E541K,1,0,
ZBTB33,missense,,,p.H543D,1,0,
ZBTB33,missense,,,p.H544R,1,0,
ZBTB33,missense,,,p.E547K,1,0,
ZBTB33,missense,,,p.R549K,1,0,
ZBTB33,missense,,,p.Y550C,1,0,
ZBTB33,missense,,,p.Q551P,1,0,
ZBTB33,missense,,,p.C552G,1,0,
ZBTB33,missense,,,p.C552Y,1,0,
ZBTB33,missense,,,p.C555Y,1,0,
ZBTB33,missense,,,p.Y562C,1,0,
ZBTB33,missense,,,p.Q563P,1,0,
ZBTB33,missense,,,p.S566P,1,0,
ZBTB33,missense,,,p.Y584C,1,0,
ZBTB33,missense,,,p.S591A,1,0,
ZBTB33,nonsense,,,,1,0,
ZBTB33,splice-site,,,,1,0,
ZNF318,frameshift,,,,1,0,
ZNF318,nonsense,,,,1,0,
ZNF318,splice-site,,,,1,0,
ZRSR2,frameshift,,,,1,0,
ZRSR2,missense,,,p.E133G,1,0,
ZRSR2,missense,,,p.C181F,1,0,
ZRSR2,missense,,,p.D185G,1,0,
ZRSR2,missense,,,p.C187Y,1,0,
ZRSR2,missense,,,p.H191Y,1,0,
ZRSR2,missense,,,p.I202N,1,0,
ZRSR2,missense,,,p.F239V,1,0,
ZRSR2,missense,,,p.F239Y,1,0,
ZRSR2,missense,,,p.N261Y,1,0,
ZRSR2,missense,,,p.C280R,1,0,
ZRSR2,nonsense,,,,1,0,